CustomerID,Name,Region,JoinDate,AverageNumberOfPurchasesPerYear,OnlineAccountStatus
1000,Robert Gomez,West,2024-02-25,4,RegisteredWithNoUprgades
1001,John Silva,East,2020-12-01,7,RegisteredWithUpgrades
1002,Mark Marshall,Central,2020-08-08,2,NotRegistered
1003,David Brennan,North,2020-05-21,6,NotRegistered
1004,Kerry Collins,North,2023-09-12,8,RegisteredWithUpgrades
1005,Jessica Mora,South,2021-08-05,14,RegisteredWithUpgrades
1006,Hannah Ray,West,2021-07-03,6,NotRegistered
1007,David Kim,West,2020-05-20,9,RegisteredWithUpgrades
1008,William Ramirez,EAST,2023-09-15,8,RegisteredWithUpgrades
1009,Zachary Bell Jr.,East,2023-04-20,14,RegisteredWithUpgrades
1010,Mike Davis,East,2022-03-23,9,RegisteredWithUpgrades
1011,Amanda Myers,West,2021-09-05,15,RegisteredWithUpgrades
1012,Tara Miller,North,2020-08-10,2,NotRegistered
1013,Alyssa Morgan,North,2022-07-22,7,NotRegistered
1014,Cindy Woods,East,2024-04-02,1,NotRegistered
1015,Jennifer Rodgers,North,2023-02-12,4,NotRegistered
1016,Andrea Roberts,EAST,2021-05-16,2,NotRegistered
1017,Brittney Burnett,North,2020-07-03,5,NotRegistered
1018,Edwin Garrison,south-west,2020-08-31,4,NotRegistered
1019,Michelle Torres,Central,2020-11-18,7,RegisteredWithUpgrades
1020,Michelle Brewer,East,2021-07-14,6,NotRegistered
1021,Aaron Burnett,South,2024-02-13,15,RegisteredWithUpgrades
1022,Austin Gutierrez,EAST,2021-11-25,8,RegisteredWithUpgrades
1023,Dustin Medina,east,2021-06-14,22,RegisteredWithUpgrades
1024,Andres Avila,Central,2022-09-19,3,NotRegistered
1025,Garrett Lewis,South,2023-08-04,9,RegisteredWithUpgrades
1026,Gary Walls,North,2023-10-05,1,NotRegistered
1027,Anthony Schroeder,east,2020-10-04,4,NotRegistered
1028,Haley Wagner,West,2023-11-03,5,RegisteredWithUpgrades
1029,Gina Powers,West,2022-10-26,6,RegisteredWithUpgrades
1030,Alice Robinson,EAST,2021-08-06,7,NotRegistered
1031,Jessica Frazier,West,2021-10-20,10,RegisteredWithUpgrades
1032,Terri Long,east,2022-10-23,4,RegisteredWithUpgrades
1033,Paul Perkins,east,2022-03-16,2,NotRegistered
1034,Heather Smith,Central,2022-09-16,5,RegisteredWithUpgrades
1035,Lorraine Rodriguez,East,2022-09-26,8,RegisteredWithUpgrades
1036,Robert Bishop,south-west,2020-09-14,1,NotRegistered
1037,Lisa Sanders,West,2020-06-03,3,NotRegistered
1038,Jason Ford,EAST,2023-10-09,18,RegisteredWithUpgrades
1039,Brandy Good,West,2023-05-21,11,RegisteredWithUpgrades
1040,Angel Lee,Central,2022-04-08,4,RegisteredWithNoUprgades
1041,David Beltran,east,2021-01-18,6,NotRegistered
1042,Christopher Dodson,North,2023-10-30,1,NotRegistered
1043,Eric Pena,West,2022-06-30,14,RegisteredWithUpgrades
1044,Anita Huerta,East,2022-04-08,26,RegisteredWithUpgrades
1045,Dr. Susan Bailey,North,2020-10-02,5,RegisteredWithUpgrades
1046,Tyler Colon,Central,2021-03-03,3,RegisteredWithNoUprgades
1047,Ashley Pearson,West,2020-10-04,6,RegisteredWithUpgrades
1048,Dr. Donald Proctor,North,2024-03-17,14,RegisteredWithUpgrades
1049,Rebecca Jordan,West,2022-10-08,5,RegisteredWithNoUprgades
1050,Jeffrey Mclaughlin,EAST,2022-03-28,7,RegisteredWithUpgrades
1051,Amy Nguyen,Central,2024-02-13,1,NotRegistered
1052,Brandon Hinton,south-west,2022-11-10,4,NotRegistered
1053,Benjamin Cline,east,2022-01-25,6,RegisteredWithUpgrades
1054,Laura Mcdonald,South,2022-12-03,15,RegisteredWithNoUprgades
1055,William Benitez,east,2020-11-04,1,NotRegistered
1056,Kristina Wilson,east,2023-05-15,7,RegisteredWithNoUprgades
1057,Kathy Hall,North,2023-10-27,2,NotRegistered
1058,Steven Jackson,Central,2020-06-26,14,RegisteredWithUpgrades
1059,Steve Massey,West,2020-08-06,10,RegisteredWithUpgrades
1060,Mr. Christopher Thompson,South,2023-04-10,8,RegisteredWithNoUprgades
1061,Taylor Kaufman,North,2021-07-23,5,NotRegistered
1062,Ashley Harmon,South,2024-02-13,7,RegisteredWithUpgrades
1063,Howard Case,south-west,2021-02-15,3,NotRegistered
1064,Joshua Cline,EAST,2024-02-19,17,RegisteredWithNoUprgades
1065,Daniel Adams,Central,2023-07-02,14,RegisteredWithUpgrades
1066,Derrick Myers,North,2022-04-06,2,RegisteredWithNoUprgades
1067,Lawrence Pearson,east,2023-04-29,8,RegisteredWithNoUprgades
1068,Melissa Gutierrez,East,2023-12-25,1,NotRegistered
1069,Virginia Warren,North,2023-08-24,3,NotRegistered
1070,Brittany Johnson,East,2021-06-04,27,RegisteredWithUpgrades
1071,Christopher Frost,east,2020-08-21,6,NotRegistered
1072,Shannon Schmitt,EAST,2022-08-23,1,NotRegistered
1073,Matthew Clark,Central,2023-08-21,7,RegisteredWithUpgrades
1074,Alyssa Evans,West,2021-10-27,2,RegisteredWithNoUprgades
1075,Joseph Chavez,North,2023-01-01,6,NotRegistered
1076,Glenn Shelton,east,2024-05-01,1,NotRegistered
1077,Amy Espinoza,North,2021-05-29,2,NotRegistered
1078,Danielle Fuller,south-west,2023-12-08,16,RegisteredWithUpgrades
1079,Zachary Thompson MD,EAST,2022-09-05,9,Registered
1080,Thomas Parker,south-west,2023-02-28,20,RegisteredWithUpgrades
1081,Ryan White,South,2020-09-04,1,NotRegistered
1082,Connor Martin,Central,2023-01-05,3,RegisteredWithUpgrades
1083,Jacqueline Bishop,South,2020-06-05,1,NotRegistered
1084,Martha Mccall,North,2022-05-31,19,RegisteredWithUpgrades
1085,Steven Wright,Central,2021-08-22,7,RegisteredWithUpgrades
1086,Robert Rodriguez,EAST,2023-03-01,2,NotRegistered
1087,Carla Tran,EAST,2020-07-22,8,RegisteredWithNoUprgades
1088,Lindsay Torres,east,2021-12-30,1,RegisteredWithUpgrades
1089,Matthew Hernandez,North,2023-04-12,5,NotRegistered
1090,Nicholas Dunlap,South,2020-10-11,3,NotRegistered
1091,Brianna Thomas,south-west,2023-05-23,9,RegisteredWithUpgrades
1092,Timothy Hill,West,2023-09-07,1,NotRegistered
1093,Christian Medina,East,2023-02-04,3,NotRegistered
1094,Robert Jones,West,2023-11-18,6,RegisteredWithNoUprgades
1095,Dr. Jason Scott,South,2021-04-07,1,NotRegistered
1096,Patricia Rogers,South,2024-01-10,18,RegisteredWithUpgrades
1097,Laura Jones,EAST,2023-12-07,4,NotRegistered
1098,Jeffrey Maxwell,West,2022-01-27,6,RegisteredWithUpgrades
1099,Lori Howard,EAST,2021-02-27,1,RegisteredWithNoUprgades
1100,Michael Simon,EAST,2020-12-27,21,RegisteredWithUpgrades
1101,Ryan Martin,south-west,2020-11-14,3,NotRegistered
1102,Robert Hansen,Central,2022-11-19,16,NotRegistered
1103,Megan Chandler,East,2023-06-25,9,RegisteredWithUpgrades
1104,David Herrera,West,2021-04-01,1,NotRegistered
1105,Taylor Clarke,Central,2023-03-11,3,RegisteredWithUpgrades
1106,Jennifer Ewing,east,2023-05-16,5,RegisteredWithNoUprgades
1107,Emily Hoffman,West,2023-06-09,1,RegisteredWithUpgrades
1108,Sharon Bautista,Central,2022-07-31,7,RegisteredWithNoUprgades
1109,Aaron Garcia,EAST,2023-07-31,2,NotRegistered
1110,Melissa Grimes,South,2024-03-14,1,NotRegistered
1111,Ronald Chavez,south-west,2021-06-24,3,NotRegistered
1112,Joseph Flores,East,2021-04-03,6,NotRegistered
1113,Louis Jones,Central,2021-07-04,17,RegisteredWithUpgrades
1114,Grace Price,South,2022-03-25,1,NotRegistered
1115,Gina Banks,West,2023-09-16,11,RegisteredWithNoUprgades
1116,Melissa Rivera,Central,2021-10-25,4,NotRegistered
1117,Amanda Lang,North,2024-04-14,1,NotRegistered
1118,Briana Alvarado,South,2022-03-18,5,NotRegistered
1119,Cameron Hernandez,east,2022-08-08,2,NotRegistered
1120,Daniel Meyer,South,2024-03-15,4,NotRegistered
1121,Stephanie Garrison,East,2020-08-21,1,NotRegistered
1122,Christopher Martinez,east,2021-10-07,6,RegisteredWithNoUprgades
1123,Colleen Greene,south-west,2022-08-21,2,NotRegistered
1124,Megan Novak,East,2022-12-19,5,NotRegistered
1125,Debbie Andrews,West,2021-05-22,18,RegisteredWithUpgrades
1126,Lee Luna,east,2021-01-19,1,NotRegistered
1127,George Edwards,Central,2023-05-12,3,RegisteredWithNoUprgades
1128,Vincent Day,North,2022-07-03,9,RegisteredWithUpgrades
1129,Karina Jones,East,2023-11-05,1,NotRegistered
1130,Mary Sandoval,North,2020-10-06,5,RegisteredWithNoUprgades
1131,Mark Gomez,West,2020-06-11,8,RegisteredWithUpgrades
1132,Scott Winters,West,2022-09-20,6,RegisteredWithUpgrades
1133,Victor Wagner,south-west,2021-06-12,1,NotRegistered
1134,Joseph Aguilar,West,2023-12-05,22,NotRegistered
1135,Christopher Chen,South,2023-09-10,3,RegisteredWithNoUprgades
1136,Scott Hernandez,South,2024-02-09,7,NotRegistered
1137,Jessica Harmon,south-west,2022-11-05,1,NotRegistered
1138,Bonnie Stewart,South,2022-04-19,4,RegisteredWithNoUprgades
1139,Heather Olson,Central,2021-04-20,16,RegisteredWithUpgrades
1140,Carla Flores,EAST,2020-09-30,2,NotRegistered
1141,David Palmer,North,2022-09-16,4,RegisteredWithNoUprgades
1142,Marvin Hamilton,North,2022-04-23,1,NotRegistered
1143,Miss Chelsea Castro DDS,Central,2021-02-23,7,NotRegistered
1144,Brian Browning,EAST,2023-05-03,3,NotRegistered
1145,Stephanie Powell,east,2023-02-03,8,RegisteredWithUpgrades
1146,Jonathan Andrade,south-west,2020-06-07,1,NotRegistered
1147,William Palmer,south-west,2023-08-14,5,NotRegistered
1148,Dean Allison,West,2021-06-23,1,NotRegistered
1149,Jordan Elliott,North,2020-05-13,18,NotRegistered
1150,Bobby Hunter,North,2020-12-06,3,NotRegistered
1151,Sabrina Lester,West,2022-07-16,5,RegisteredWithNoUprgades
1152,Thomas Garcia,east,2022-09-14,9,RegisteredWithUpgrades
1153,Michelle Martinez,East,2023-07-31,4,NotRegistered
1154,Edward Castillo,North,2020-10-01,1,NotRegistered
1155,Rachel Goodman,North,2023-04-10,10,RegisteredWithUpgrades
1156,Dennis Acevedo,East,2023-06-18,8,RegisteredWithNoUprgades
1157,Cheryl Wu,West,2021-12-10,17,RegisteredWithUpgrades
1158,Kelly Gallagher,East,2024-03-02,6,RegisteredWithNoUprgades
1159,Kelli Smith,North,2022-01-28,1,NotRegistered
1160,Phillip Soto,West,2023-04-21,12,NotRegistered
1161,David Ellis,East,2023-01-02,15,RegisteredWithUpgrades
1162,Deborah Rice,east,2022-01-14,6,NotRegistered
1163,Elizabeth Vaughn,West,2023-05-01,9,RegisteredWithNoUprgades
1164,William Ramsey,North,2023-05-04,5,RegisteredWithNoUprgades
1165,Richard Burnett,Central,2022-07-24,10,RegisteredWithUpgrades
1166,David Mccullough,south-west,2021-12-15,14,RegisteredWithUpgrades
1167,Terry Frederick,North,2021-12-20,8,RegisteredWithUpgrades
1168,Denise Gonzales,South,2022-05-02,3,NotRegistered
1169,Michael Edwards,south-west,2023-09-26,10,RegisteredWithUpgrades
1170,Eric Davis,North,2023-10-15,5,NotRegistered
1171,Ronald Marquez,south-west,2024-04-21,1,NotRegistered
1172,Eric Barr,EAST,2023-02-01,8,RegisteredWithUpgrades
1173,David King MD,North,2022-09-14,16,RegisteredWithUpgrades
1174,Deborah Saunders,West,2021-12-25,1,NotRegistered
1175,Teresa Lopez,West,2021-10-20,4,NotRegistered
1176,Ashley Williams,EAST,2021-11-24,16,RegisteredWithUpgrades
1177,Katherine West,east,2020-11-01,1,NotRegistered
1178,Katherine Kerr,EAST,2020-11-13,9,RegisteredWithNoUprgades
1179,Desiree Miller,EAST,2021-12-21,10,NotRegistered
1180,Jennifer Smith,south-west,2020-10-03,2,NotRegistered
1181,Tiffany Smith,East,2024-04-07,5,RegisteredWithUpgrades
1182,James Gray,West,2020-07-24,1,NotRegistered
1183,Kenneth Graves,East,2020-05-08,5,RegisteredWithNoUprgades
1184,Brittney Chen,EAST,2023-07-20,8,RegisteredWithNoUprgades
1185,Cameron Levine,east,2021-07-26,1,NotRegistered
1186,Timothy Williams,West,2021-09-28,5,RegisteredWithNoUprgades
1187,Kayla Solomon,North,2022-06-10,19,NotRegistered
1188,Ashley Todd,North,2023-09-04,1,NotRegistered
1189,Jennifer Farrell,North,2022-11-18,7,RegisteredWithNoUprgades
1190,Elizabeth Robinson,south-west,2023-12-27,2,NotRegistered
1191,Kyle Smith Jr.,South,2023-10-31,6,RegisteredWithNoUprgades
1192,Gregory Medina,EAST,2020-06-06,15,RegisteredWithUpgrades
1193,Nancy King,South,2022-05-23,2,NotRegistered
1194,Casey Brown,Central,2024-02-09,9,RegisteredWithUpgrades
1195,Michael Lee,south-west,2023-08-22,7,NotRegistered
1196,Dr. Elizabeth Johnston DDS,North,2022-02-09,20,RegisteredWithNoUprgades
1197,William Wilson,West,2023-04-04,1,NotRegistered
1198,Chris Allen,south-west,2022-10-11,4,RegisteredWithNoUprgades
1199,James Cooley,West,2020-07-23,8,RegisteredWithUpgrades
1005,Jessica Mora,South,2021-08-05,3,NotRegistered
